CustomerID,CustomerName,City,State
1,Cliente 001,Santos,SP
2,Cliente 002,Jundiaí,SP
3,Cliente 003,Santos,SP
4,Cliente 004,Campinas,SP
5,Cliente 005,Jundiaí,SP
6,Cliente 006,Campinas,SP
7,Cliente 007,Santos,SP
8,Cliente 008,São Paulo,SP
9,Cliente 009,Campinas,SP
10,Cliente 010,Sorocaba,SP
11,Cliente 011,Campinas,PR
12,Cliente 012,São Paulo,SP
13,Cliente 013,Jundiaí,SP
14,Cliente 014,São Paulo,SP
15,Cliente 015,Campinas,SP
16,Cliente 016,São Paulo,SP
17,Cliente 017,Jundiaí,SP
18,Cliente 018,Jundiaí,PR
19,Cliente 019,Jundiaí,SP
20,Cliente 020,Santos,SP
21,Cliente 021,Campinas,SP
22,Cliente 022,Campinas,SP
23,Cliente 023,Santos,SP
24,Cliente 024,Campinas,SP
25,Cliente 025,Santos,SP
26,Cliente 026,Jundiaí,SP
27,Cliente 027,Sorocaba,PR
28,Cliente 028,São Paulo,PR
29,Cliente 029,Campinas,SP
30,Cliente 030,Jundiaí,SP
31,Cliente 031,Sorocaba,SP
32,Cliente 032,Jundiaí,SP
33,Cliente 033,Santos,SP
34,Cliente 034,Santos,SP
35,Cliente 035,Campinas,SP
36,Cliente 036,Santos,SP
37,Cliente 037,Santos,SP
38,Cliente 038,Sorocaba,SP
39,Cliente 039,Jundiaí,SP
40,Cliente 040,Campinas,SP
41,Cliente 041,Jundiaí,SP
42,Cliente 042,Jundiaí,SP
43,Cliente 043,São Paulo,SP
44,Cliente 044,Santos,PR
45,Cliente 045,Campinas,SP
46,Cliente 046,São Paulo,SP
47,Cliente 047,São Paulo,SP
48,Cliente 048,Campinas,SP
49,Cliente 049,Jundiaí,SP
50,Cliente 050,São Paulo,SP
51,Cliente 051,Campinas,SP
52,Cliente 052,Santos,SP
53,Cliente 053,São Paulo,SP
54,Cliente 054,Campinas,SP
55,Cliente 055,São Paulo,SP
56,Cliente 056,Jundiaí,PR
57,Cliente 057,Campinas,SP
58,Cliente 058,Jundiaí,SP
59,Cliente 059,Santos,SP
60,Cliente 060,Santos,SP
61,Cliente 061,Santos,SP
62,Cliente 062,Sorocaba,SP
63,Cliente 063,Jundiaí,SP
64,Cliente 064,Jundiaí,SP
65,Cliente 065,Jundiaí,PR
66,Cliente 066,Santos,SP
67,Cliente 067,Santos,SP
68,Cliente 068,Jundiaí,SP
69,Cliente 069,Santos,SP
70,Cliente 070,Sorocaba,SP
71,Cliente 071,Sorocaba,SP
72,Cliente 072,Jundiaí,PR
73,Cliente 073,Sorocaba,SP
74,Cliente 074,São Paulo,SP
75,Cliente 075,Campinas,SP
76,Cliente 076,Santos,SP
77,Cliente 077,Jundiaí,SP
78,Cliente 078,Jundiaí,SP
79,Cliente 079,Santos,SP
80,Cliente 080,São Paulo,SP
