SaleID,Date,CustomerID,ProductID,SellerID,Quantity,UnitPrice
1,2026-04-19,43,108,2,2,190.0
2,2026-06-08,5,106,2,5,260.0
3,2026-01-07,15,108,3,4,190.0
4,2026-03-16,12,104,1,5,180.0
5,2026-03-15,21,102,4,2,950.0
6,2026-06-02,52,106,2,3,260.0
7,2026-01-21,76,103,2,4,420.0
8,2026-01-25,40,104,4,5,180.0
9,2026-04-25,72,107,2,3,1250.0
10,2026-01-30,1,106,2,4,260.0
11,2026-04-08,26,107,1,4,1250.0
12,2026-01-15,45,102,3,3,950.0
13,2026-04-19,25,108,3,4,190.0
14,2026-05-10,64,105,3,4,310.0
15,2026-06-13,44,108,3,3,190.0
16,2026-04-25,62,108,4,1,190.0
17,2026-04-14,22,106,4,5,260.0
18,2026-06-02,40,102,1,5,950.0
19,2026-06-16,42,106,1,4,260.0
20,2026-03-14,78,106,2,2,260.0
21,2026-03-20,13,103,1,2,420.0
22,2026-04-18,25,102,4,5,950.0
23,2026-04-11,26,101,3,5,4200.0
24,2026-05-14,73,104,3,1,180.0
25,2026-01-10,73,101,3,4,4200.0
26,2026-06-03,22,106,2,1,260.0
27,2026-02-12,4,106,3,1,260.0
28,2026-04-23,74,107,3,1,1250.0
29,2026-04-24,61,103,4,4,420.0
30,2026-04-01,55,103,3,5,420.0
31,2026-04-10,25,108,1,4,190.0
32,2026-01-11,24,103,2,5,420.0
33,2026-04-03,72,107,4,1,1250.0
34,2026-02-12,40,101,2,1,4200.0
35,2026-01-26,73,103,3,2,420.0
36,2026-01-11,51,105,4,1,310.0
37,2026-02-19,63,106,2,2,260.0
38,2026-04-30,43,107,1,2,1250.0
39,2026-05-29,54,103,2,5,420.0
40,2026-01-25,51,107,1,2,1250.0
41,2026-04-19,40,102,3,5,950.0
42,2026-03-30,67,102,4,5,950.0
43,2026-05-17,38,104,1,2,180.0
44,2026-06-27,30,107,1,5,1250.0
45,2026-01-26,74,108,4,5,190.0
46,2026-03-15,46,104,1,2,180.0
47,2026-01-20,52,101,1,1,4200.0
48,2026-03-28,23,107,1,3,1250.0
49,2026-06-10,61,106,2,1,260.0
50,2026-02-02,38,104,2,2,180.0
51,2026-04-09,79,104,4,5,180.0
52,2026-02-02,1,101,1,1,4200.0
53,2026-06-25,23,101,1,4,4200.0
54,2026-01-04,56,102,2,5,950.0
55,2026-01-13,71,107,2,1,1250.0
56,2026-05-29,59,107,4,3,1250.0
57,2026-01-09,52,103,4,4,420.0
58,2026-06-20,10,106,2,3,260.0
59,2026-02-15,12,105,4,1,310.0
60,2026-03-13,11,103,3,2,420.0
61,2026-05-18,16,102,3,5,950.0
62,2026-01-01,74,106,3,5,260.0
63,2026-05-11,19,107,1,1,1250.0
64,2026-06-15,28,101,1,2,4200.0
65,2026-03-20,54,103,2,1,420.0
66,2026-05-13,15,106,4,3,260.0
67,2026-04-29,23,108,2,1,190.0
68,2026-06-05,20,107,4,2,1250.0
69,2026-05-10,61,106,2,1,260.0
70,2026-06-01,50,108,2,4,190.0
71,2026-02-24,64,105,3,5,310.0
72,2026-02-08,41,107,3,2,1250.0
73,2026-04-28,7,101,3,5,4200.0
74,2026-04-08,79,101,1,1,4200.0
75,2026-01-09,2,103,3,4,420.0
76,2026-06-18,62,104,1,1,180.0
77,2026-04-04,59,102,4,3,950.0
78,2026-02-02,52,103,2,2,420.0
79,2026-04-08,28,103,4,4,420.0
80,2026-01-18,69,104,2,5,180.0
81,2026-01-19,51,103,4,1,420.0
82,2026-01-04,59,104,2,2,180.0
83,2026-04-09,27,106,2,3,260.0
84,2026-05-31,34,105,2,1,310.0
85,2026-04-17,46,108,3,1,190.0
86,2026-06-22,38,106,1,4,260.0
87,2026-04-28,22,105,1,4,310.0
88,2026-01-24,16,107,4,2,1250.0
89,2026-04-07,69,102,1,1,950.0
90,2026-05-27,62,105,1,4,310.0
91,2026-04-15,62,102,2,4,950.0
92,2026-04-24,59,101,4,4,4200.0
93,2026-05-24,20,105,4,2,310.0
94,2026-05-01,64,104,4,4,180.0
95,2026-05-22,58,105,1,5,310.0
96,2026-06-11,60,106,3,2,260.0
97,2026-02-27,48,104,2,5,180.0
98,2026-05-19,73,101,1,1,4200.0
99,2026-04-18,40,103,2,2,420.0
100,2026-02-13,60,101,3,1,4200.0
101,2026-01-10,3,104,2,4,180.0
102,2026-04-01,3,108,4,3,190.0
103,2026-01-05,20,105,3,1,310.0
104,2026-06-17,31,103,1,5,420.0
105,2026-03-17,45,108,3,5,190.0
106,2026-06-28,43,107,3,4,1250.0
107,2026-01-28,62,101,3,4,4200.0
108,2026-05-01,46,107,1,2,1250.0
109,2026-05-21,42,104,3,2,180.0
110,2026-05-30,55,101,1,2,4200.0
111,2026-05-04,47,103,4,1,420.0
112,2026-03-05,26,107,1,4,1250.0
113,2026-05-21,33,101,4,1,4200.0
114,2026-03-04,23,102,2,4,950.0
115,2026-06-30,72,107,2,4,1250.0
116,2026-04-22,53,104,2,2,180.0
117,2026-05-04,17,106,2,5,260.0
118,2026-06-25,67,101,2,2,4200.0
119,2026-04-11,70,102,1,5,950.0
120,2026-06-26,73,104,3,3,180.0
121,2026-05-30,23,108,4,2,190.0
122,2026-04-13,60,107,1,4,1250.0
123,2026-03-05,8,102,1,1,950.0
124,2026-03-05,36,105,3,3,310.0
125,2026-02-04,45,106,2,1,260.0
126,2026-04-26,16,101,4,5,4200.0
127,2026-02-11,77,101,2,4,4200.0
128,2026-05-02,60,104,1,2,180.0
129,2026-03-29,35,102,2,1,950.0
130,2026-06-29,67,108,1,1,190.0
131,2026-04-23,68,101,4,5,4200.0
132,2026-06-04,74,105,3,3,310.0
133,2026-04-29,43,103,3,1,420.0
134,2026-06-30,38,105,3,5,310.0
135,2026-03-06,49,102,3,4,950.0
136,2026-04-14,22,107,3,1,1250.0
137,2026-05-23,80,103,2,1,420.0
138,2026-04-03,56,108,3,2,190.0
139,2026-02-18,17,106,1,1,260.0
140,2026-05-25,69,103,2,1,420.0
141,2026-04-01,60,105,3,3,310.0
142,2026-01-19,26,105,3,1,310.0
143,2026-05-25,32,102,4,5,950.0
144,2026-05-27,80,104,3,5,180.0
145,2026-01-13,65,105,4,3,310.0
146,2026-06-03,8,108,3,3,190.0
147,2026-05-06,37,108,4,1,190.0
148,2026-03-06,75,106,4,2,260.0
149,2026-04-10,56,104,3,3,180.0
150,2026-03-29,15,102,1,1,950.0
151,2026-04-22,31,105,2,5,310.0
152,2026-01-02,65,103,3,2,420.0
153,2026-05-27,25,106,1,2,260.0
154,2026-01-03,44,106,4,2,260.0
155,2026-01-15,77,108,4,5,190.0
156,2026-01-05,72,103,3,5,420.0
157,2026-05-14,76,103,1,2,420.0
158,2026-06-10,40,108,3,1,190.0
159,2026-02-12,19,107,4,1,1250.0
160,2026-04-21,53,108,1,1,190.0
161,2026-06-28,36,103,4,2,420.0
162,2026-04-08,31,108,3,5,190.0
163,2026-04-03,74,104,1,5,180.0
164,2026-02-07,2,101,2,2,4200.0
165,2026-03-04,10,105,4,4,310.0
166,2026-04-26,48,101,1,2,4200.0
167,2026-06-07,74,103,2,3,420.0
168,2026-03-17,20,101,4,4,4200.0
169,2026-02-02,61,102,1,3,950.0
170,2026-05-07,61,103,3,1,420.0
171,2026-03-17,6,108,3,1,190.0
172,2026-04-01,68,102,4,1,950.0
173,2026-06-24,72,102,2,2,950.0
174,2026-02-28,54,101,1,1,4200.0
175,2026-01-12,53,105,3,3,310.0
176,2026-04-09,33,105,4,1,310.0
177,2026-04-30,30,101,1,4,4200.0
178,2026-03-10,70,106,1,1,260.0
179,2026-05-30,60,106,3,3,260.0
180,2026-02-10,45,103,4,1,420.0
181,2026-02-26,41,106,1,3,260.0
182,2026-05-12,37,101,1,3,4200.0
183,2026-02-03,74,101,1,3,4200.0
184,2026-04-01,69,104,1,5,180.0
185,2026-05-20,49,105,4,5,310.0
186,2026-03-23,1,108,2,3,190.0
187,2026-04-01,45,104,3,4,180.0
188,2026-04-26,19,102,2,4,950.0
189,2026-06-22,39,106,2,5,260.0
190,2026-01-06,9,107,2,4,1250.0
191,2026-02-10,7,104,1,3,180.0
192,2026-01-28,24,106,1,1,260.0
193,2026-04-16,31,101,1,5,4200.0
194,2026-05-08,34,107,1,1,1250.0
195,2026-02-20,73,102,1,4,950.0
196,2026-01-20,42,105,1,3,310.0
197,2026-03-03,58,104,2,4,180.0
198,2026-03-17,26,106,4,1,260.0
199,2026-02-02,56,107,3,2,1250.0
200,2026-02-06,73,106,3,5,260.0
201,2026-02-22,63,107,4,1,1250.0
202,2026-01-13,21,105,4,5,310.0
203,2026-02-06,67,102,2,3,950.0
204,2026-01-29,8,104,1,4,180.0
205,2026-06-17,65,107,1,1,1250.0
206,2026-04-19,40,103,1,2,420.0
207,2026-03-22,37,107,4,5,1250.0
208,2026-01-06,78,107,2,2,1250.0
209,2026-01-19,5,104,2,5,180.0
210,2026-03-24,33,105,3,1,310.0
211,2026-05-28,27,103,4,3,420.0
212,2026-04-19,74,108,4,4,190.0
213,2026-04-17,42,106,2,3,260.0
214,2026-01-11,3,107,4,4,1250.0
215,2026-01-10,58,103,2,1,420.0
216,2026-06-01,22,108,1,2,190.0
217,2026-05-19,21,102,2,5,950.0
218,2026-06-06,21,106,1,5,260.0
219,2026-03-03,19,108,4,1,190.0
220,2026-05-07,13,104,1,2,180.0
221,2026-02-04,79,103,2,1,420.0
222,2026-01-11,15,108,1,1,190.0
223,2026-01-26,62,101,4,1,4200.0
224,2026-01-28,26,104,1,5,180.0
225,2026-02-12,68,106,3,3,260.0
226,2026-05-09,70,104,2,4,180.0
227,2026-05-17,58,104,4,5,180.0
228,2026-06-18,58,105,1,3,310.0
229,2026-03-08,68,101,3,1,4200.0
230,2026-04-16,39,107,4,1,1250.0
231,2026-02-11,45,105,2,1,310.0
232,2026-04-07,35,102,2,2,950.0
233,2026-03-29,33,101,4,4,4200.0
234,2026-03-09,44,102,4,2,950.0
235,2026-03-16,30,101,3,2,4200.0
236,2026-02-22,23,101,2,1,4200.0
237,2026-03-09,34,102,4,1,950.0
238,2026-01-22,75,106,4,3,260.0
239,2026-04-12,53,102,4,4,950.0
240,2026-04-02,43,101,1,5,4200.0
241,2026-04-22,70,102,1,5,950.0
242,2026-01-31,64,107,2,4,1250.0
243,2026-03-09,15,102,2,3,950.0
244,2026-03-19,78,106,2,1,260.0
245,2026-04-20,43,107,2,4,1250.0
246,2026-06-07,56,102,1,1,950.0
247,2026-05-05,42,108,3,2,190.0
248,2026-01-05,68,101,4,3,4200.0
249,2026-03-08,20,107,2,4,1250.0
250,2026-01-16,74,105,3,5,310.0
251,2026-05-20,48,108,4,1,190.0
252,2026-02-09,65,105,3,2,310.0
253,2026-05-10,80,104,2,1,180.0
254,2026-01-24,61,104,3,3,180.0
255,2026-03-29,16,108,3,2,190.0
256,2026-06-25,69,102,1,5,950.0
257,2026-01-23,47,105,3,5,310.0
258,2026-02-04,59,106,1,3,260.0
259,2026-04-28,56,105,1,1,310.0
260,2026-05-06,57,106,3,4,260.0
261,2026-04-06,80,103,2,1,420.0
262,2026-04-08,5,104,1,1,180.0
263,2026-06-01,44,104,4,4,180.0
264,2026-04-28,54,101,1,1,4200.0
265,2026-04-07,4,105,2,4,310.0
266,2026-02-17,67,107,1,5,1250.0
267,2026-03-29,53,104,4,5,180.0
268,2026-02-16,67,108,1,1,190.0
269,2026-01-11,29,102,1,1,950.0
270,2026-03-23,74,107,3,4,1250.0
271,2026-05-27,9,106,2,3,260.0
272,2026-06-15,58,108,4,4,190.0
273,2026-06-07,57,107,2,4,1250.0
274,2026-05-22,20,105,2,2,310.0
275,2026-06-28,46,101,2,1,4200.0
276,2026-02-08,80,101,1,4,4200.0
277,2026-04-26,23,102,1,5,950.0
278,2026-01-09,13,108,1,5,190.0
279,2026-03-04,50,103,3,1,420.0
280,2026-01-31,27,107,4,4,1250.0
281,2026-04-29,66,106,4,5,260.0
282,2026-05-07,80,106,3,3,260.0
283,2026-05-20,9,106,2,2,260.0
284,2026-02-03,10,105,3,3,310.0
285,2026-04-22,18,102,4,4,950.0
286,2026-04-17,63,102,2,2,950.0
287,2026-06-13,21,101,2,4,4200.0
288,2026-04-12,33,107,2,4,1250.0
289,2026-04-25,53,105,1,4,310.0
290,2026-04-07,9,101,1,1,4200.0
291,2026-04-21,71,107,1,2,1250.0
292,2026-01-06,50,107,2,4,1250.0
293,2026-06-27,41,103,4,5,420.0
294,2026-05-04,4,102,4,3,950.0
295,2026-05-15,59,108,4,1,190.0
296,2026-05-16,12,104,4,2,180.0
297,2026-05-01,58,104,2,3,180.0
298,2026-05-06,35,105,4,3,310.0
299,2026-03-11,8,103,4,3,420.0
300,2026-03-20,54,102,1,4,950.0
301,2026-06-27,31,102,3,2,950.0
302,2026-05-24,71,102,4,1,950.0
303,2026-02-20,66,106,3,2,260.0
304,2026-01-17,25,105,3,3,310.0
305,2026-02-22,39,107,1,4,1250.0
306,2026-04-11,3,104,1,2,180.0
307,2026-03-10,65,106,1,1,260.0
308,2026-04-15,51,101,1,1,4200.0
309,2026-01-22,13,101,3,5,4200.0
310,2026-05-01,69,105,1,3,310.0
311,2026-04-12,16,107,2,2,1250.0
312,2026-06-12,21,103,2,5,420.0
313,2026-01-28,64,107,3,3,1250.0
314,2026-05-28,78,102,4,2,950.0
315,2026-03-24,73,106,1,2,260.0
316,2026-05-27,77,102,3,5,950.0
317,2026-01-04,64,108,2,5,190.0
318,2026-04-20,77,104,3,2,180.0
319,2026-06-05,66,107,2,5,1250.0
320,2026-04-28,8,107,4,5,1250.0
321,2026-05-30,33,108,3,1,190.0
322,2026-04-08,55,105,4,4,310.0
323,2026-06-29,55,108,1,2,190.0
324,2026-02-14,32,105,4,1,310.0
325,2026-06-02,67,107,4,3,1250.0
326,2026-04-24,7,106,3,1,260.0
327,2026-01-21,38,107,2,4,1250.0
328,2026-03-31,22,104,2,1,180.0
329,2026-06-05,2,105,2,4,310.0
330,2026-03-26,36,106,4,1,260.0
331,2026-03-24,35,101,4,3,4200.0
332,2026-03-10,54,106,1,4,260.0
333,2026-04-29,8,106,2,3,260.0
334,2026-04-12,2,105,3,3,310.0
335,2026-06-27,72,101,4,5,4200.0
336,2026-04-07,44,102,4,3,950.0
337,2026-06-30,15,106,1,4,260.0
338,2026-05-18,64,108,2,2,190.0
339,2026-02-08,61,103,2,5,420.0
340,2026-04-23,29,106,3,1,260.0
341,2026-05-23,5,102,4,2,950.0
342,2026-06-11,74,105,4,4,310.0
343,2026-02-16,22,102,4,4,950.0
344,2026-03-27,24,105,3,3,310.0
345,2026-05-28,19,102,4,3,950.0
346,2026-06-01,11,105,3,2,310.0
347,2026-05-04,7,103,4,5,420.0
348,2026-05-11,68,101,2,3,4200.0
349,2026-01-07,51,105,4,2,310.0
350,2026-03-13,47,107,2,3,1250.0
351,2026-01-24,6,101,3,2,4200.0
352,2026-03-26,6,105,1,4,310.0
353,2026-05-27,54,106,3,2,260.0
354,2026-04-06,42,103,2,5,420.0
355,2026-06-28,62,105,1,5,310.0
356,2026-03-30,77,103,3,4,420.0
357,2026-03-12,3,107,4,3,1250.0
358,2026-05-28,44,107,1,5,1250.0
359,2026-03-28,22,107,1,2,1250.0
360,2026-03-25,73,104,3,4,180.0
361,2026-04-23,77,106,1,1,260.0
362,2026-05-29,47,102,2,5,950.0
363,2026-02-14,24,101,3,4,4200.0
364,2026-04-17,33,105,1,4,310.0
365,2026-04-03,13,103,3,3,420.0
366,2026-03-09,41,107,2,1,1250.0
367,2026-06-15,76,107,2,2,1250.0
368,2026-03-24,75,102,4,4,950.0
369,2026-05-07,35,101,4,5,4200.0
370,2026-05-16,79,106,3,5,260.0
371,2026-02-24,54,105,1,1,310.0
372,2026-01-10,17,104,2,4,180.0
373,2026-01-24,75,102,3,4,950.0
374,2026-02-14,71,108,1,2,190.0
375,2026-02-26,31,101,1,5,4200.0
376,2026-05-14,47,107,1,1,1250.0
377,2026-06-04,32,105,1,3,310.0
378,2026-06-19,31,103,4,4,420.0
379,2026-06-11,14,101,1,3,4200.0
380,2026-05-15,70,106,1,1,260.0
381,2026-04-11,60,106,2,3,260.0
382,2026-05-14,59,108,1,2,190.0
383,2026-01-12,5,105,1,1,310.0
384,2026-04-24,71,106,4,5,260.0
385,2026-05-25,10,104,4,2,180.0
386,2026-03-20,53,103,1,4,420.0
387,2026-06-17,60,102,4,1,950.0
388,2026-05-09,69,103,4,2,420.0
389,2026-02-28,78,108,3,4,190.0
390,2026-02-20,34,105,3,5,310.0
391,2026-04-05,69,104,1,2,180.0
392,2026-05-07,80,104,1,4,180.0
393,2026-05-28,54,104,2,1,180.0
394,2026-02-27,52,107,1,2,1250.0
395,2026-04-09,60,104,2,1,180.0
396,2026-02-14,23,108,1,4,190.0
397,2026-02-14,69,104,3,1,180.0
398,2026-05-15,39,103,3,5,420.0
399,2026-02-10,7,102,2,2,950.0
400,2026-05-11,34,103,2,4,420.0
401,2026-05-01,79,107,3,2,1250.0
402,2026-04-03,48,108,1,1,190.0
403,2026-01-31,6,104,2,4,180.0
404,2026-03-16,67,108,4,1,190.0
405,2026-03-22,30,102,4,1,950.0
406,2026-01-16,35,104,1,1,180.0
407,2026-04-27,25,108,2,2,190.0
408,2026-01-17,24,101,4,5,4200.0
409,2026-03-12,9,105,2,1,310.0
410,2026-01-03,14,103,4,4,420.0
411,2026-03-25,36,107,1,1,1250.0
412,2026-01-29,51,104,3,5,180.0
413,2026-04-01,68,101,4,4,4200.0
414,2026-02-18,18,108,2,5,190.0
415,2026-06-14,80,103,1,4,420.0
416,2026-05-14,77,106,3,1,260.0
417,2026-04-17,62,101,4,3,4200.0
418,2026-05-23,7,104,1,3,180.0
419,2026-05-26,59,106,1,4,260.0
420,2026-01-16,78,107,1,3,1250.0
421,2026-02-12,2,107,2,5,1250.0
422,2026-03-21,22,104,4,1,180.0
423,2026-01-20,69,106,4,3,260.0
424,2026-06-07,26,106,1,4,260.0
425,2026-04-23,77,108,2,4,190.0
426,2026-06-05,70,105,4,3,310.0
427,2026-02-11,37,107,3,1,1250.0
428,2026-03-04,65,102,2,2,950.0
429,2026-02-12,21,104,1,4,180.0
430,2026-04-15,40,106,4,5,260.0
431,2026-04-26,78,108,2,3,190.0
432,2026-05-27,4,103,4,5,420.0
433,2026-06-14,34,108,4,3,190.0
434,2026-03-11,66,103,1,5,420.0
435,2026-02-12,36,101,1,4,4200.0
436,2026-01-19,14,103,3,2,420.0
437,2026-05-23,44,104,2,5,180.0
438,2026-06-04,27,107,4,3,1250.0
439,2026-01-13,56,104,4,2,180.0
440,2026-03-29,35,106,2,2,260.0
441,2026-03-31,73,108,1,3,190.0
442,2026-03-10,40,103,2,1,420.0
443,2026-05-24,63,107,3,4,1250.0
444,2026-04-04,68,107,2,4,1250.0
445,2026-06-28,3,102,2,3,950.0
446,2026-03-10,78,102,3,5,950.0
447,2026-02-18,13,102,2,2,950.0
448,2026-01-18,41,107,2,3,1250.0
449,2026-03-03,44,104,4,5,180.0
450,2026-03-03,68,106,2,3,260.0
451,2026-03-12,12,101,3,1,4200.0
452,2026-01-27,10,108,3,4,190.0
453,2026-03-18,33,104,2,1,180.0
454,2026-04-19,34,106,4,1,260.0
455,2026-05-04,52,103,4,3,420.0
456,2026-05-06,65,104,2,5,180.0
457,2026-01-02,20,107,2,2,1250.0
458,2026-06-14,74,105,3,1,310.0
459,2026-04-19,5,106,1,1,260.0
460,2026-03-26,55,104,2,2,180.0
461,2026-01-13,17,101,1,4,4200.0
462,2026-01-03,42,106,4,3,260.0
463,2026-01-29,18,106,3,4,260.0
464,2026-06-02,64,107,2,2,1250.0
465,2026-03-12,67,102,4,2,950.0
466,2026-04-18,52,103,2,1,420.0
467,2026-05-16,24,102,3,1,950.0
468,2026-06-29,68,104,2,4,180.0
469,2026-03-29,61,101,1,4,4200.0
470,2026-02-19,1,107,3,2,1250.0
471,2026-06-14,66,105,4,3,310.0
472,2026-02-27,54,108,2,1,190.0
473,2026-06-05,24,104,4,2,180.0
474,2026-01-11,1,107,1,4,1250.0
475,2026-01-23,34,105,2,5,310.0
476,2026-02-21,21,106,2,5,260.0
477,2026-05-07,62,107,2,4,1250.0
478,2026-06-17,1,106,2,3,260.0
479,2026-04-06,35,104,2,2,180.0
480,2026-05-16,14,102,4,4,950.0
481,2026-01-07,53,106,1,5,260.0
482,2026-01-04,48,108,4,4,190.0
483,2026-04-12,68,103,1,3,420.0
484,2026-01-11,30,104,4,5,180.0
485,2026-05-23,15,101,4,2,4200.0
486,2026-03-26,74,104,3,3,180.0
487,2026-03-25,66,104,1,1,180.0
488,2026-01-15,35,108,3,3,190.0
489,2026-04-22,44,104,1,1,180.0
490,2026-02-07,48,103,2,5,420.0
491,2026-02-07,53,106,2,1,260.0
492,2026-03-19,8,104,1,4,180.0
493,2026-04-24,5,102,1,4,950.0
494,2026-02-13,18,107,1,2,1250.0
495,2026-02-02,31,103,3,1,420.0
496,2026-06-11,38,107,3,3,1250.0
497,2026-04-30,43,103,1,4,420.0
498,2026-02-28,55,105,2,2,310.0
499,2026-03-21,17,106,4,5,260.0
500,2026-02-02,54,103,2,1,420.0
501,2026-01-11,60,101,4,4,4200.0
502,2026-04-04,42,106,3,3,260.0
503,2026-03-07,42,101,4,4,4200.0
504,2026-05-05,25,104,1,2,180.0
505,2026-02-26,59,105,1,1,310.0
506,2026-03-24,73,107,3,4,1250.0
507,2026-02-04,5,101,4,2,4200.0
508,2026-04-05,10,102,2,2,950.0
509,2026-02-26,11,102,1,4,950.0
510,2026-06-06,60,101,4,4,4200.0
511,2026-05-31,62,108,3,4,190.0
512,2026-02-09,69,101,1,5,4200.0
513,2026-03-16,4,104,1,4,180.0
514,2026-06-03,29,102,1,2,950.0
515,2026-05-06,20,102,1,4,950.0
516,2026-03-18,68,105,4,3,310.0
517,2026-04-18,35,105,2,2,310.0
518,2026-06-06,53,102,3,5,950.0
519,2026-01-22,13,105,4,5,310.0
520,2026-01-07,30,101,4,1,4200.0
521,2026-03-23,6,104,1,1,180.0
522,2026-05-26,21,105,3,2,310.0
523,2026-03-13,19,105,2,2,310.0
524,2026-03-25,47,103,2,5,420.0
525,2026-03-08,57,101,4,2,4200.0
526,2026-05-20,13,107,2,5,1250.0
527,2026-01-17,79,101,3,4,4200.0
528,2026-03-11,56,104,1,4,180.0
529,2026-01-23,35,102,3,3,950.0
530,2026-06-08,71,105,4,5,310.0
531,2026-05-06,35,107,4,2,1250.0
532,2026-06-11,18,108,4,2,190.0
533,2026-05-05,39,107,4,5,1250.0
534,2026-04-21,47,104,4,5,180.0
535,2026-01-05,63,108,4,5,190.0
536,2026-03-29,29,104,2,4,180.0
537,2026-03-15,77,105,3,2,310.0
538,2026-02-23,56,108,3,3,190.0
539,2026-01-27,28,102,4,2,950.0
540,2026-01-07,63,107,2,2,1250.0
541,2026-02-13,21,106,2,2,260.0
542,2026-06-14,22,101,4,5,4200.0
543,2026-04-05,71,102,2,3,950.0
544,2026-04-30,70,108,3,3,190.0
545,2026-06-21,13,105,2,3,310.0
546,2026-04-10,8,108,1,4,190.0
547,2026-04-13,45,103,1,3,420.0
548,2026-01-26,44,103,3,1,420.0
549,2026-05-22,54,103,3,2,420.0
550,2026-02-02,77,105,2,5,310.0
551,2026-06-11,11,106,1,2,260.0
552,2026-01-10,52,108,3,3,190.0
553,2026-02-19,59,108,4,4,190.0
554,2026-06-05,74,107,4,2,1250.0
555,2026-03-04,20,104,2,4,180.0
556,2026-04-12,54,104,2,4,180.0
557,2026-03-27,11,103,3,3,420.0
558,2026-01-02,17,102,4,1,950.0
559,2026-01-25,80,101,1,5,4200.0
560,2026-01-24,59,103,3,3,420.0
561,2026-04-10,7,107,4,5,1250.0
562,2026-01-06,25,104,1,1,180.0
563,2026-03-26,54,104,4,2,180.0
564,2026-04-09,2,108,1,1,190.0
565,2026-03-31,19,105,2,4,310.0
566,2026-05-03,39,104,1,4,180.0
567,2026-03-25,34,105,2,3,310.0
568,2026-02-03,60,102,3,4,950.0
569,2026-04-18,74,105,3,5,310.0
570,2026-06-24,49,106,4,1,260.0
571,2026-04-29,51,105,2,1,310.0
572,2026-01-24,17,103,1,5,420.0
573,2026-01-24,1,108,2,5,190.0
574,2026-03-11,35,108,2,5,190.0
575,2026-04-04,76,103,1,4,420.0
576,2026-02-06,80,108,1,4,190.0
577,2026-04-21,69,102,1,1,950.0
578,2026-01-05,12,107,3,4,1250.0
579,2026-06-20,70,103,2,3,420.0
580,2026-02-03,5,103,1,4,420.0
581,2026-01-14,69,107,1,1,1250.0
582,2026-02-15,68,104,3,2,180.0
583,2026-05-11,70,102,2,1,950.0
584,2026-01-13,71,103,3,3,420.0
585,2026-02-04,27,102,4,3,950.0
586,2026-05-10,27,102,3,5,950.0
587,2026-06-02,4,102,4,2,950.0
588,2026-02-23,40,107,2,2,1250.0
589,2026-02-17,30,104,1,3,180.0
590,2026-02-23,37,106,4,4,260.0
591,2026-02-18,42,105,1,1,310.0
592,2026-02-21,61,103,3,2,420.0
593,2026-02-04,25,105,4,2,310.0
594,2026-04-01,38,107,1,4,1250.0
595,2026-02-13,68,108,1,3,190.0
596,2026-03-30,76,104,2,5,180.0
597,2026-05-20,71,102,1,2,950.0
598,2026-01-08,40,105,4,3,310.0
599,2026-01-05,49,102,4,3,950.0
600,2026-06-27,4,103,1,2,420.0
601,2026-02-27,11,107,4,4,1250.0
602,2026-05-27,36,103,3,5,420.0
603,2026-04-28,3,101,4,5,4200.0
604,2026-01-05,44,105,3,3,310.0
605,2026-01-24,44,105,2,5,310.0
606,2026-01-24,26,103,2,3,420.0
607,2026-04-03,2,106,3,1,260.0
608,2026-01-02,30,105,3,2,310.0
609,2026-06-10,30,102,2,4,950.0
610,2026-02-20,52,107,3,4,1250.0
611,2026-03-20,9,104,2,2,180.0
612,2026-01-27,60,104,3,3,180.0
613,2026-04-02,16,104,4,5,180.0
614,2026-03-21,70,104,2,3,180.0
615,2026-01-15,26,101,2,4,4200.0
616,2026-06-23,47,107,1,4,1250.0
617,2026-04-16,35,105,1,5,310.0
618,2026-03-07,80,105,3,3,310.0
619,2026-02-06,63,103,4,4,420.0
620,2026-04-16,18,105,4,5,310.0
621,2026-03-25,45,101,3,5,4200.0
622,2026-03-07,9,105,4,4,310.0
623,2026-02-13,38,101,2,3,4200.0
624,2026-04-02,65,102,3,2,950.0
625,2026-04-18,71,106,2,5,260.0
626,2026-06-21,34,106,3,1,260.0
627,2026-05-10,62,106,4,5,260.0
628,2026-03-21,37,108,4,3,190.0
629,2026-03-17,32,102,2,3,950.0
630,2026-01-16,37,102,4,4,950.0
631,2026-05-18,73,101,2,3,4200.0
632,2026-04-06,11,105,2,3,310.0
633,2026-01-21,35,105,1,2,310.0
634,2026-05-20,27,106,4,3,260.0
635,2026-05-17,46,104,4,1,180.0
636,2026-06-13,52,104,1,4,180.0
637,2026-01-15,47,106,3,1,260.0
638,2026-03-01,53,104,4,1,180.0
639,2026-03-19,5,105,4,2,310.0
640,2026-02-27,76,108,2,1,190.0
641,2026-04-29,78,104,3,5,180.0
642,2026-01-27,61,108,3,2,190.0
643,2026-05-03,71,104,4,2,180.0
644,2026-04-14,33,108,4,1,190.0
645,2026-03-15,38,101,3,5,4200.0
646,2026-05-01,75,107,1,3,1250.0
647,2026-03-28,61,103,2,4,420.0
648,2026-01-25,7,103,3,3,420.0
649,2026-06-04,6,106,3,5,260.0
650,2026-04-06,68,101,3,3,4200.0
651,2026-05-26,27,108,2,1,190.0
652,2026-04-30,40,108,3,1,190.0
653,2026-01-25,58,102,4,1,950.0
654,2026-04-15,78,103,3,5,420.0
655,2026-06-15,32,104,1,1,180.0
656,2026-02-26,50,103,4,5,420.0
657,2026-04-05,61,107,1,3,1250.0
658,2026-05-10,28,106,2,5,260.0
659,2026-06-11,72,107,2,1,1250.0
660,2026-01-25,56,102,1,3,950.0
661,2026-03-22,64,106,2,1,260.0
662,2026-02-17,19,108,2,5,190.0
663,2026-01-13,51,106,2,1,260.0
664,2026-05-16,53,104,2,1,180.0
665,2026-05-15,24,108,4,4,190.0
666,2026-02-28,36,105,1,1,310.0
667,2026-05-25,8,101,2,4,4200.0
668,2026-06-22,8,105,4,5,310.0
669,2026-03-26,47,105,1,4,310.0
670,2026-06-02,4,101,4,3,4200.0
671,2026-04-05,58,106,4,4,260.0
672,2026-03-25,47,107,4,2,1250.0
673,2026-04-16,12,104,4,2,180.0
674,2026-01-15,7,105,4,5,310.0
675,2026-01-01,49,101,1,2,4200.0
676,2026-02-22,3,104,1,5,180.0
677,2026-04-25,54,108,4,3,190.0
678,2026-05-06,26,104,4,3,180.0
679,2026-02-13,8,102,1,4,950.0
680,2026-05-25,66,106,4,4,260.0
681,2026-03-28,34,106,2,5,260.0
682,2026-06-01,42,103,4,2,420.0
683,2026-05-04,52,108,1,5,190.0
684,2026-04-22,4,107,3,4,1250.0
685,2026-03-25,66,105,3,3,310.0
686,2026-04-09,56,106,1,4,260.0
687,2026-01-19,26,105,3,5,310.0
688,2026-02-12,63,104,1,4,180.0
689,2026-04-28,6,102,2,3,950.0
690,2026-06-05,1,102,2,3,950.0
691,2026-05-06,6,105,1,5,310.0
692,2026-05-24,42,107,1,2,1250.0
693,2026-06-02,80,105,4,1,310.0
694,2026-03-12,14,106,2,3,260.0
695,2026-06-27,30,107,2,5,1250.0
696,2026-01-26,32,108,1,5,190.0
697,2026-02-14,35,105,2,2,310.0
698,2026-05-14,68,106,1,4,260.0
699,2026-04-04,53,102,4,5,950.0
700,2026-02-08,60,108,1,5,190.0
701,2026-05-20,59,105,3,3,310.0
702,2026-03-22,76,104,2,2,180.0
703,2026-04-08,17,107,3,2,1250.0
704,2026-06-16,16,104,3,5,180.0
705,2026-06-06,48,102,3,4,950.0
706,2026-02-24,19,104,1,1,180.0
707,2026-06-21,42,103,4,4,420.0
708,2026-05-17,36,104,4,4,180.0
709,2026-06-06,45,108,3,4,190.0
710,2026-05-01,65,104,2,2,180.0
711,2026-04-21,36,106,1,3,260.0
712,2026-04-20,72,102,1,2,950.0
713,2026-02-06,42,101,1,1,4200.0
714,2026-03-28,54,102,2,2,950.0
715,2026-03-24,51,105,3,2,310.0
716,2026-01-08,28,101,3,3,4200.0
717,2026-04-09,47,107,1,3,1250.0
718,2026-06-10,12,107,4,3,1250.0
719,2026-03-30,50,106,1,4,260.0
720,2026-02-24,6,103,4,3,420.0
721,2026-04-10,28,104,4,5,180.0
722,2026-02-01,33,108,4,4,190.0
723,2026-05-27,33,104,1,3,180.0
724,2026-03-07,33,105,4,4,310.0
725,2026-01-12,69,102,3,5,950.0
726,2026-02-10,65,108,3,3,190.0
727,2026-05-19,57,105,3,1,310.0
728,2026-06-15,79,108,3,5,190.0
729,2026-02-23,6,108,1,5,190.0
730,2026-03-01,58,101,3,5,4200.0
731,2026-04-03,54,102,1,2,950.0
732,2026-05-09,47,102,2,1,950.0
733,2026-05-16,38,103,1,2,420.0
734,2026-03-16,55,104,4,4,180.0
735,2026-04-13,69,102,3,5,950.0
736,2026-03-03,73,104,1,3,180.0
737,2026-05-30,65,106,3,5,260.0
738,2026-03-15,60,104,4,2,180.0
739,2026-01-03,37,102,2,2,950.0
740,2026-02-17,61,101,4,4,4200.0
741,2026-01-07,58,108,3,2,190.0
742,2026-04-11,51,104,2,2,180.0
743,2026-01-26,29,104,3,1,180.0
744,2026-05-30,45,104,3,2,180.0
745,2026-04-06,31,105,2,3,310.0
746,2026-06-10,56,108,1,3,190.0
747,2026-01-02,35,108,2,4,190.0
748,2026-02-07,54,105,3,1,310.0
749,2026-03-31,5,108,2,1,190.0
750,2026-04-15,54,107,2,5,1250.0
751,2026-06-22,46,103,1,2,420.0
752,2026-03-07,35,106,4,3,260.0
753,2026-02-19,23,101,1,3,4200.0
754,2026-05-19,46,105,3,1,310.0
755,2026-06-27,62,108,2,5,190.0
756,2026-01-06,6,102,1,1,950.0
757,2026-06-10,68,108,3,2,190.0
758,2026-02-07,1,104,2,4,180.0
759,2026-04-19,75,102,3,1,950.0
760,2026-06-23,29,107,2,4,1250.0
761,2026-05-08,41,101,2,1,4200.0
762,2026-01-04,8,102,3,3,950.0
763,2026-04-19,3,107,1,1,1250.0
764,2026-06-05,54,106,1,4,260.0
765,2026-03-17,23,101,2,5,4200.0
766,2026-03-11,19,103,2,4,420.0
767,2026-02-01,47,102,1,2,950.0
768,2026-03-07,58,103,2,4,420.0
769,2026-05-04,8,103,3,1,420.0
770,2026-05-10,11,105,1,2,310.0
771,2026-01-03,32,108,3,1,190.0
772,2026-01-22,19,105,1,1,310.0
773,2026-01-28,68,103,2,2,420.0
774,2026-06-17,34,105,2,4,310.0
775,2026-01-27,50,103,1,4,420.0
776,2026-05-04,74,103,1,3,420.0
777,2026-02-05,72,107,4,3,1250.0
778,2026-02-15,45,104,1,3,180.0
779,2026-03-19,71,101,3,3,4200.0
780,2026-02-03,36,104,3,4,180.0
781,2026-01-31,37,101,1,1,4200.0
782,2026-03-13,7,103,1,3,420.0
783,2026-01-05,9,105,4,4,310.0
784,2026-03-03,74,107,4,2,1250.0
785,2026-01-04,74,102,4,3,950.0
786,2026-03-30,13,101,3,4,4200.0
787,2026-03-02,54,104,2,1,180.0
788,2026-02-19,77,102,1,1,950.0
789,2026-03-10,18,102,3,4,950.0
790,2026-05-04,42,103,4,3,420.0
791,2026-06-16,43,104,2,4,180.0
792,2026-05-21,31,101,4,5,4200.0
793,2026-04-18,7,103,1,4,420.0
794,2026-03-11,46,104,4,1,180.0
795,2026-03-06,6,101,2,1,4200.0
796,2026-03-23,74,105,4,3,310.0
797,2026-06-22,40,107,1,4,1250.0
798,2026-01-29,58,106,4,2,260.0
799,2026-05-19,47,104,4,4,180.0
800,2026-01-26,73,102,2,1,950.0
